N,n_nodes,time_s,mse,max_error
5,11,1.451658010482788,79.203243158368,24.187308593779278
10,21,2.3490090370178223,14.333044167325639,15.674599663886738
15,31,3.412313938140869,2.589280615637155,8.115072413410473
20,41,4.4877378940582275,0.35739845606054793,3.270609053408549
25,51,5.570892810821533,0.3020731450657949,4.119185952352552
30,61,6.668769121170044,0.2813500044231557,2.7208816192927543
