quantity,homogeneous,seasonal
T_star,329.0116833516256,329.78066765123793
V_star,107732.71840511459,107731.02797925624
Vtilde_star,107732.71840511459,107731.02826599515
iterations,NaN,15.0
converged,NaN,1.0
