quantity,homogeneous,seasonal
T_star,327.99405565582987,328.7662449592032
V_star,105860.1254718238,105858.40381848303
Vtilde_star,105860.1254718238,105858.40381619775
iterations,NaN,15.0
converged,NaN,1.0
