T_hom,V_hom,Y_H_hom,Y_MIN_target
324.68294408354484,99587.594097704,6.053288600864617e6,302664.4300432309
