T_hom,V_hom,Y_H_hom,Y_MIN_5pct,Y_MIN_10pct
325.554329697054,101298.8004067171,6.300381952607124e6,315019.0976303562,630038.1952607124
