quantity,value
tau_mean,304.1500634001779
V_mean,115665.03568598125
Vtilde_mean,115665.03576992625
d_mean,0.0
iterations,41.0
converged,1.0
